{"cameraMode":{"drawMode":0,"name":"Shaded","section":"Shading Mode"},"sceneLighting":false,"audioPlay":false,"sceneViewState":{"m_AlwaysRefresh":false,"showFog":true,"showSkybox":true,"showFlares":true,"showImageEffects":true,"showParticleSystems":true,"showVisualEffectGraphs":true,"m_FxEnabled":true},"in2DMode":false,"pivot":{"x":13.625077247619629,"y":3.848508358001709,"z":18.642179489135743},"rotation":{"x":-0.003603086108341813,"y":0.9815211892127991,"z":-0.19049635529518128,"w":-0.018543321639299394},"size":4.749997138977051,"orthographic":false}