{"cameraMode":{"drawMode":0,"name":"Shaded","section":"Shading Mode"},"sceneLighting":false,"audioPlay":false,"sceneViewState":{"m_AlwaysRefresh":false,"showFog":true,"showSkybox":true,"showFlares":true,"showImageEffects":true,"showParticleSystems":true,"showVisualEffectGraphs":true,"m_FxEnabled":true},"in2DMode":false,"pivot":{"x":2.759232521057129,"y":-1.9807971715927125,"z":33.06241226196289},"rotation":{"x":-0.05860956385731697,"y":-0.07508852332830429,"z":0.004426257684826851,"w":-0.9954578280448914},"size":12.12435531616211,"orthographic":false}